{
  "version": "1.0.0",
  "layout": {
    "center_x": 0,
    "center_y": -0.05,
    "width": 2
  },
  "hit_areas_custom": {
    "head_x": [-0.35, 0.6],
    "head_y": [0.19, -0.2],
    "body_x": [-0.3, -0.25],
    "body_y": [0.3, -0.9]
  },
  "textures": [],
  "motions": {
    "idle": [
      { "file": "mtn/Breath1.mtn" },
      { "file": "mtn/Breath2.mtn" },
      { "file": "mtn/Breath3.mtn" },
      { "file": "mtn/Breath5.mtn" },
      { "file": "mtn/Breath7.mtn" },
      { "file": "mtn/Breath8.mtn" }
    ],
    "sleepy": [{ "file": "mtn/Sleeping.mtn" }],
    "flick_head": [
      { "file": "mtn/Touch Dere1.mtn" },
      { "file": "mtn/Touch Dere2.mtn" },
      { "file": "mtn/Touch Dere4.mtn" },
      { "file": "mtn/Touch Dere6.mtn" }
    ],
    "tap_body": [
      { "file": "mtn/Touch1.mtn" },
      { "file": "mtn/Touch2.mtn" },
      { "file": "mtn/Touch4.mtn" },
      { "file": "mtn/Touch5.mtn" },
      { "file": "mtn/Touch6.mtn" }
    ],
    "": [
      { "file": "mtn/Breath1.mtn" },
      { "file": "mtn/Breath2.mtn" },
      { "file": "mtn/Breath3.mtn" },
      { "file": "mtn/Breath4.mtn" },
      { "file": "mtn/Breath5.mtn" },
      { "file": "mtn/Breath6.mtn" },
      { "file": "mtn/Breath7.mtn" },
      { "file": "mtn/Breath8.mtn" },
      { "file": "mtn/Fail.mtn" },
      { "file": "mtn/Sleeping.mtn" },
      { "file": "mtn/Success.mtn" },
      { "file": "mtn/Sukebei1.mtn" },
      { "file": "mtn/Sukebei2.mtn" },
      { "file": "mtn/Sukebei3.mtn" },
      { "file": "mtn/Touch Dere1.mtn" },
      { "file": "mtn/Touch Dere2.mtn" },
      { "file": "mtn/Touch Dere3.mtn" },
      { "file": "mtn/Touch Dere4.mtn" },
      { "file": "mtn/Touch Dere5.mtn" },
      { "file": "mtn/Touch Dere6.mtn" },
      { "file": "mtn/Touch1.mtn" },
      { "file": "mtn/Touch2.mtn" },
      { "file": "mtn/Touch3.mtn" },
      { "file": "mtn/Touch4.mtn" },
      { "file": "mtn/Touch5.mtn" },
      { "file": "mtn/Touch6.mtn" },
      { "file": "mtn/WakeUp.mtn" }
    ]
  }
}
